[{"model": "news.author", "pk": 1, "fields": {"rating": 10, "users": 7}}, {"model": "news.author", "pk": 2, "fields": {"rating": 21, "users": 8}}, {"model": "news.author", "pk": 8, "fields": {"rating": 0, "users": 23}}, {"model": "news.category", "pk": 1, "fields": {"categories": "Спорт"}}, {"model": "news.category", "pk": 2, "fields": {"categories": "Футбол"}}, {"model": "news.category", "pk": 3, "fields": {"categories": "Технологии"}}, {"model": "news.category", "pk": 4, "fields": {"categories": "IT"}}, {"model": "news.post", "pk": 1, "fields": {"postsOrNews": "PT", "timeIn": "2022-10-23T18:18:52.389Z", "header": "'Челси' разбил 'Милан'. И напомнил, как проходил 'Ювентус'", "text": "После объявления стартовых составов первая мысль отослала к Тухелю. Под игру с 'Миланом'  Поттер выбрал типичную основу Томаса, с тремя центральными защитниками, двумя шестерками и другими атрибутами. 'Челси'  и победил будто по лекалам немца: за счет продуманной защиты и агрессивных вингбэков. Домашний матч с 'Ювентусом' сложился по схожему сценарию. Единственное – после ноябрьской победы 'Челси'  впал в кризис. Надеюсь, осень 2022-го готовит другой сценарий.", "rating": 2, "postAuthor": 1}}, {"model": "news.post", "pk": 2, "fields": {"postsOrNews": "PT", "timeIn": "2022-10-23T18:19:04.907Z", "header": "Победа с привкусом горечи. Ювентус обыграл Маккаби", "text": "Самый негативный аспект всей игры - реализация. Игроки Ювентуса легко могли забивать вдвое больше, ведь соперник до 75 минуты вообще не подавал признаков жизни. Однако Юве раз за разом проваливал атаки. Подобная расхлябанность может сильно аукнуться в играх с соперников высокого класса, который не позволит создавать много и потребуется ограничиться лишь несколькими моментами за весь матч. Поэтому подобное малодушие удручает.", "rating": 1, "postAuthor": 1}}, {"model": "news.post", "pk": 3, "fields": {"postsOrNews": "NS", "timeIn": "2022-10-23T18:19:16.367Z", "header": "Western Digital представила новый защищённый внешний SSD", "text": "Внешний жёсткий диск SanDisk Professional Pro-G4 0 имеет защиту от влаги и пыли по стандарту IP68, выдерживает падение с высоты трёх метр ов на бетонный пол, правда, покрытый ковровым покрытием. Также он может выдержать оказыв аемое на него давление до 1,8 тонн. Из каких именно материалов выполнен корпус накопител я, производитель не указал.", "rating": 5, "postAuthor": 2}}, {"model": "news.post", "pk": 4, "fields": {"postsOrNews": "PT", "timeIn": "2022-11-11T17:31:56.216Z", "header": "Криптовалютная биржа FTX объявила о банкротстве", "text": "11 ноября 2022 года криптовалютная биржа FTX объявила об инициировании процедуры банкротства в соответствии со статьей 11 Кодекса о банкротстве США. На сайте биржи опубликовано объявление, что компания сейчас не может обрабатывать снятие средств.\r\n\r\n«FTX в настоящее время не может обрабатывать снятие средств. Мы настоятельно рекомендуем не вносить депозит. Депозиты TRX, BTT, JST, SUN и HT отключены», — пояснила FTX.\r\n\r\nГлавный исполнительный директор компании Сэм Банкман-Фрид покинул свой пост, новым гендиректором компании станет Джон Рэй III.\r\n\r\n«FTX и 130 аффилированных с ней компаний подали заявления о банкротстве в суд Делавэра, чтобы начать упорядоченный процесс оценки и монетизации активов в интересах всех заинтересованных лиц», — говорится в сообщении FTX.\r\n\r\nСМИ пояснили, что законодательство США о банкротстве позволяет компании продолжать работу, пока она разрабатывает план погашения долга перед кредиторами. Сэм Банкман-Фрид заявил, что площадке понадобится финансирование в объёме до $8 млрд в связи с массовым выводом клиентами средств с биржи.\r\n\r\n10 ноября Binance отказалась от покупки криптобиржи FTX. Это произошло после того, как Binance провела комплексную оценку компании (due dilligence) FTX, а также на фоне новостей о нецелевом расходовании FTX средств инвесторов и начале предполагаемых расследований действий биржи FTX со стороны регуляторов США.\r\n\r\nРуководство FTX после отказа Binance остановила вывод средств с биржи и порекомендовала клиентам не пополнять свои счета пока в текущий период финансовой нестабильности на платформе.\r\n\r\nКриптобиржа FTX занимала пятое место в мире по объёму суточных торгов. Сейчас этот проект оказался заморожен из-за финансовых проблем. На платформе были представлены 321 криптовалюта и велись торги 511 парами монет. Среди криптотрейдеров FTX считался биржей с наименьшими комиссиями.\r\n\r\nПо оценкам экспертов, банкротство криптоплощадки FTX повлечёт за собой каскадный эффект, а многие криптобиржи и проекты, связанные с Бэнкманом-Фридом, пострадают от этого инцидента.", "rating": 0, "postAuthor": 2}}, {"model": "news.post", "pk": 5, "fields": {"postsOrNews": "NS", "timeIn": "2022-11-11T17:40:42.626Z", "header": "Amazon показала новую роботизированную руку для складов Sparrow", "text": "Гигант электронной коммерции Amazon представил роботизированную руку Sparrow на мероприятии в центре робототехники в Вестборо, штат Массачусетс. Робот-манипулятор представляет из себя более сложную версию своих предшественников — Robin и Cardinal. Sparrow использует машинное зрение и искусственный интеллект, чтобы идентифицировать и перемещать предметы на складах Amazon.", "rating": 0, "postAuthor": 2}}, {"model": "news.post", "pk": 7, "fields": {"postsOrNews": "NS", "timeIn": "2022-11-14T14:13:15.147Z", "header": "Туррини высказал мнение, что позиции Бинотто в «Феррари» пошатнулись", "text": "Известный итальянский журналист Лео Туррини допустил, что позиции руководителя «Феррари» Маттиа Бинотто в команде стали менее прочными. По мнению журналиста, Бинотто должен оставаться в гоночном коллективе лишь в том случае, если будет пользоваться полной поддержкой со стороны её руководства.\r\n\r\n«Джон Элканн точно обратит внимание Бинотто на дубль «Мерседеса» в Бразилии. Его будущее? Ходит много разговоров, и это неизбежно. Красные слишком долго не становились чемпионами. Но замена Бинотто стала бы ошибкой. Изменения ради изменений не являются гарантией победы. И автомобиль 2023 года уже готов. Но я хочу быть откровенным: Бинотто должен оставаться только в том случае, если он пользуется полным доверием со стороны высшего руководства. Преемственность? На самом деле есть много вариантов! Посмотрим, увидим»", "rating": 0, "postAuthor": 1}}, {"model": "news.post", "pk": 8, "fields": {"postsOrNews": "PT", "timeIn": "2022-11-14T14:17:02.945Z", "header": "Русский защитник уничтожил «Вашингтон» за один период! Как Сергачёв вошёл в историю НХЛ", "text": "«Тампа» взяла убедительный реванш у «столичных». Овечкин снова не забил, отметившись лишь четырёхминутным удалением.\r\nСпустя два дня после встречи в столице США, «Вашингтон» и «Тампа» перебрались в штат Флорида, чтобы сыграть ответный матч. Позавчера хозяева «Кэпитал-Уан Арены» особо не оставили шансов вице-чемпионам НХЛ, так что наверняка у «молний» был серьёзный настрой на сегодняшний поединок.\r\nНо вряд ли можно было предположить такую степень серьёзности! «Тампа» вынесла «Вашингтон» буквально за один период, заставив Питера Лавиолетта менять голкипера уже в первом периоде после четырёх пропущенных шайб. И три из них оформили русские хоккеисты.\r\nУже на второй минуте счёт открыл Михаил Сергачёв, чей мягкий кистевой наброс от синей линии неожиданно трансформировался в гол без помощи рикошетов.\r\nВ середине периода российский защитник уже помог отличиться в большинстве Никите Кучерову. Седьмой гол в сезоне для «Пикассо современности».\r\nПод занавес периода неудержимый Сергачёв уже собственноручно реализовал лишнего, забив четвёртый гол «Тампы» за период и отправив отдыхать Дарси Кемпера.\r\nСчёт 5:1 слегка расслабил «молний», и у матча получилась весёлая концовка. «Вашингтон» забил два гола усилиями Эллера и Хэтэуэя, на что «Тампа» ответила шайбой в исполнении Ника Пола в пустые ворота. 6:3, реванш «молний» за крупное гостевое поражение в столице США удался на славу.", "rating": 0, "postAuthor": 1}}, {"model": "news.post", "pk": 9, "fields": {"postsOrNews": "PT", "timeIn": "2022-11-14T14:19:05.312Z", "header": "Выпускники пермского политеха создали уникальный полимерный 3D-принтер", "text": "Компания F2 innovations, основателями которой являются выпускники Пермского национального исследовательского политехнического университета (ПНИПУ), представила уникальный гранульный 3D-принтер F2 Gigantry с самой большой областью печати. Об этом «Газете.Ru» рассказали представители ПНИПУ.\r\n\r\n«F2 Gigantry представляет собой открытый портал с экструдером [часть 3D принтера, которая расплавляет полимер и, двигаясь по определенной траектории, выращивает модель слой за слоем], способным создавать детали до 4 метров в длину, 2 метра в ширину и 1 метр в высоту. Технология позволяет печатать полимерными гранулами с производительностью до 10 кг/ч, в том числе вторсырьем», — говорится в описании разработки.\r\n\r\nТакой принтер позволит предприятиям создавать крупногабаритные детали быстро и дешево — издержки при этом сокращаются до 40 раз. F2 Gigantry изначально был создан как персональный заказ для авиастроительной области, но может применять в любой сфере производства, включая оборонно-промышленную.\r\n\r\nF2 Gigantry на 90% состоит из российских комплектующих и находится на этапе сертификации.", "rating": 0, "postAuthor": 2}}, {"model": "news.post", "pk": 10, "fields": {"postsOrNews": "PT", "timeIn": "2022-11-14T14:20:04.840Z", "header": "На Kickstarter появилась клавиатура, которая полностью состоит из кубиков Lego", "text": "На краудфандинговой платформе Kickstarter идет сбор денег на клавиатуру Pixel, которая состоит из кубиков, совместимых с оригинальным конструктором Lego.\r\n\r\nОсобенностью этой клавиатуры является ее кастомизация — пользователь может собрать уникальное устройство, аналогов которому не будет. При помощи специального инструмента можно также отсоединять клавиши и менять их под настроение. Покупателю предлагаются клавиши с нанесенными на них буквами и цифрами, а также «пустые», которые можно заказать дополнительно.\r\n\r\nКроме того, Pixel оснащена RGB-подсветкой, а также как проводным, так и беспроводным режимом. Создатели проекта просили на реализацию $50 тыс., однако еще до завершения кампании им удалось собрать $684 тыс. На данный момент можно оформить предзаказ клавиатуры за $189 (11,4 тыс. руб.).", "rating": 0, "postAuthor": 2}}, {"model": "news.post", "pk": 11, "fields": {"postsOrNews": "NS", "timeIn": "2022-11-14T14:20:50.297Z", "header": "Samsung объявила о резком сокращении производства смартфонов", "text": "MyDrivers: в следующем году Samsung сократит поставки смартфонов на 13%", "rating": 0, "postAuthor": 2}}, {"model": "news.post", "pk": 12, "fields": {"postsOrNews": "NS", "timeIn": "2022-11-14T14:22:23.449Z", "header": "Криштиану Роналду: «Я не уважаю Тен Хага. Клуб пытался заставить меня уйти. Я чувствовал себя преданным»", "text": "Криштиану Роналду дал интервью английскому телеведущему Пирсу Моргану для шоу Piers Morgan Uncensored, в котором, похоже, окончательно сжег все мосты с «Манчестер Юнайтед». Полное интервью выйдет через несколько дней – а вот что Роналду наговорил в тизере.", "rating": 0, "postAuthor": 1}}, {"model": "news.post", "pk": 13, "fields": {"postsOrNews": "PT", "timeIn": "2022-11-14T14:23:48.831Z", "header": "Эммануэль Пети: «Мбаппе хочет быть номером один, как Роналду. У него может быть большое эго»", "text": "Эммануэль Пети заявил, что личные амбиции Килиана Мбаппе не должны мешать сборной Франции.\r\n\r\n«Когда Франция проиграла Швейцарии [на Евро-2020], были споры между игроками и даже между семьями на трибунах. Были споры по поводу штрафных, пенальти и т. д.\r\n\r\nЯ понимаю, что Мбаппе – выдающийся игрок, обладающий нужными навыками и качествами, он хочет быть номером один, как Криштиану Роналду. Я ценю это, но он также должен понимать, что его амбиции не должны быть проблемой для его команды.\r\n\r\nЕго амбиции должны помочь его команде достичь поставленных целей, и в то же время это пойдет на пользу и ему самому. Если Мбаппе поймет, что он на службе у команды, это будет отличным заявлением для команды.\r\n\r\nУ него может быть большое эго, это не имеет значения – на поле нужно большое эго, чтобы выигрывать турниры. Но это не должно нарушать баланс команды в раздевалке. Если ты находишься в раздевалке и чувствуешь, что один футболист доставляет слишком много хлопот своим «я, я, я», это будет проблемой.\r\n\r\nНужно найти баланс между его амбициями и амбициями команды», – сказал бывший футболист сборной Франции.", "rating": 0, "postAuthor": 1}}, {"model": "news.post", "pk": 56, "fields": {"postsOrNews": "PT", "timeIn": "2023-01-20T16:17:29.980Z", "header": "«До сих пор не могу поверить. Мы чемпионы мира!» Месси — через месяц после победы на ЧМ", "text": "Нападающий сборной Аргентины и «ПСЖ» Лионель Месси поделился эмоциями спустя месяц после победы на чемпионате мира 2022 года в Катаре.\r\n«Прошёл уже месяц, а я до сих пор не могу в это поверить. Что же мы пережили, когда наконец подняли кубок, которого мы все так желали. Настоящее безумие.\r\nОчевидно, что чемпионом быть приятно, но какой хороший месяц у меня был, столько прекрасных воспоминаний. Я очень скучаю по этому всему. Скучаю по своим товарищам, по ежедневной работе с ними, занятиям по тактике, тренировкам, по тем глупостям, которые мы делали…\r\nКак же приятно было видеть, как моя семья ежедневно наслаждается тем, что происходит. Эти впечатления незабываемы. Как же великолепно было видеть людей, поддерживающих нас как на стадионе, так и вне его, в Аргентине.\r\nГосподи, спасибо тебе за всё это. Как я и говорил, я знал, что ты мне это дашь. Чего же я не мог представить, так это того безумного празднования после нашего триумфа.\r\nНо вот уже прошёл месяц… Мы чемпионы мира!» — написал Месси на своей странице в социальных сетях.", "rating": 0, "postAuthor": 1}}, {"model": "news.post", "pk": 59, "fields": {"postsOrNews": "NS", "timeIn": "2023-02-13T16:12:47.687Z", "header": "Форвард «Вашингтона» поделился мнением об игре в одном звене с Овечкиным", "text": "Нападающий «Вашингтон Кэпиталз» Дилан Строум поделился мыслями от игры в одном звене с российским капитаном Александром Овечкиным.\r\n\r\n«Игра с Восьмёркой помогает. Думаю, мы хорошо ладим друг с другом. Некоторое время с нами играл Ширс (Конор Шири, форвард «Вашингтона». — Прим. «Чемпионата»). Я думаю, что уже его внимание к деталям, то, как он бросает и открывается, требует от товарищей по звену показывать лучшее. Это то, чего хочет каждый игрок.\r\n\r\nУ меня было похожее с Патриком Кейном в «Чикаго». Они очень похожи в том, что многого требуют от своих товарищей по звену. Они отличные игроки. Они хотят, чтобы другие игроки вокруг них были великими. Ови добивается этого от многих игроков, с которыми играет. С таким парнем весело играть», — приводит слова Строума Washington Hockey Now.", "rating": 0, "postAuthor": 1}}, {"model": "news.post", "pk": 71, "fields": {"postsOrNews": "PT", "timeIn": "2023-02-13T19:37:59.109Z", "header": "Hbashbvh e vuhae fvuae fvhaefv aevfuh  eu v", "text": "Gybhbfvihbeivbe", "rating": 0, "postAuthor": 1}}, {"model": "news.post", "pk": 74, "fields": {"postsOrNews": "PT", "timeIn": "2023-02-13T19:41:31.886Z", "header": "Gbhasbfv  dhufvbd sfvhd fvsdhfvbsf yh", "text": "Yuhdfv ds", "rating": 0, "postAuthor": 1}}, {"model": "news.postcategory", "pk": 1, "fields": {"post": 1, "category": 1}}, {"model": "news.postcategory", "pk": 2, "fields": {"post": 1, "category": 2}}, {"model": "news.postcategory", "pk": 3, "fields": {"post": 2, "category": 1}}, {"model": "news.postcategory", "pk": 4, "fields": {"post": 2, "category": 2}}, {"model": "news.postcategory", "pk": 5, "fields": {"post": 3, "category": 3}}, {"model": "news.postcategory", "pk": 6, "fields": {"post": 3, "category": 4}}, {"model": "news.postcategory", "pk": 7, "fields": {"post": 4, "category": 4}}, {"model": "news.postcategory", "pk": 8, "fields": {"post": 5, "category": 4}}, {"model": "news.postcategory", "pk": 10, "fields": {"post": 7, "category": 1}}, {"model": "news.postcategory", "pk": 11, "fields": {"post": 8, "category": 1}}, {"model": "news.postcategory", "pk": 12, "fields": {"post": 9, "category": 3}}, {"model": "news.postcategory", "pk": 13, "fields": {"post": 10, "category": 3}}, {"model": "news.postcategory", "pk": 14, "fields": {"post": 11, "category": 4}}, {"model": "news.postcategory", "pk": 15, "fields": {"post": 12, "category": 2}}, {"model": "news.postcategory", "pk": 16, "fields": {"post": 13, "category": 1}}, {"model": "news.postcategory", "pk": 17, "fields": {"post": 13, "category": 2}}, {"model": "news.postcategory", "pk": 53, "fields": {"post": 56, "category": 1}}, {"model": "news.postcategory", "pk": 54, "fields": {"post": 56, "category": 2}}, {"model": "news.postcategory", "pk": 57, "fields": {"post": 59, "category": 1}}, {"model": "news.postcategory", "pk": 77, "fields": {"post": 71, "category": 1}}, {"model": "news.postcategory", "pk": 78, "fields": {"post": 71, "category": 2}}, {"model": "news.postcategory", "pk": 83, "fields": {"post": 74, "category": 1}}, {"model": "news.postcategory", "pk": 84, "fields": {"post": 74, "category": 2}}, {"model": "news.subscribecategories", "pk": 4, "fields": {"subscriber": 7, "subCategory": 3}}, {"model": "news.subscribecategories", "pk": 40, "fields": {"subscriber": 7, "subCategory": 4}}, {"model": "news.subscribecategories", "pk": 50, "fields": {"subscriber": 23, "subCategory": 3}}, {"model": "news.subscribecategories", "pk": 56, "fields": {"subscriber": 23, "subCategory": 2}}, {"model": "news.subscribecategories", "pk": 58, "fields": {"subscriber": 7, "subCategory": 1}}, {"model": "news.comment", "pk": 1, "fields": {"comments": "Челси выиграет ЛЧ? я думаю, что нет. Фаворит - Бавария и Манчестер Сити!", "timeIn": "2022-10-23T18:20:45.248Z", "rating": 3, "postComment": 1, "userComment": 8}}, {"model": "news.comment", "pk": 2, "fields": {"comments": "Ювентус очень плох! лучше бы они вообще вылетели ото всюду!", "timeIn": "2022-10-23T18:20:56.683Z", "rating": -4, "postComment": 2, "userComment": 8}}, {"model": "news.comment", "pk": 3, "fields": {"comments": "Челси чемпион!", "timeIn": "2022-10-23T18:21:06.709Z", "rating": 2, "postComment": 1, "userComment": 8}}, {"model": "news.comment", "pk": 4, "fields": {"comments": "Western Digital сделали огромный прорыв в технологиях с выпуском нового SSD. Я считаю, это огромный шаг для развития в этой области.", "timeIn": "2022-10-23T18:21:15.994Z", "rating": 6, "postComment": 3, "userComment": 7}}, {"model": "news.comment", "pk": 33, "fields": {"comments": "Просто коммент", "timeIn": "2022-12-12T07:59:30.840Z", "rating": 0, "postComment": 13, "userComment": 7}}, {"model": "news.comment", "pk": 40, "fields": {"comments": "Пост чума", "timeIn": "2023-01-20T19:47:31.975Z", "rating": 0, "postComment": 56, "userComment": 7}}]